d,x1,x2,x3,x4,TI_03,TI_15,vel_03,vel_15
1.2,0.1,0.1,0.1,0.1,0.085801653,0.181750521,0.768415,0.744848
2,0.1,0.1,0.1,0.1,0.077404582,0.167946262,0.780051,0.767193
3,0.1,0.1,0.1,0.1,0.071818726,0.159149124,0.78693,0.779569
4,0.1,0.1,0.1,0.1,0.068473283,0.154054254,0.791024,0.785729
5,0.1,0.1,0.1,0.1,0.066200989,0.150582101,0.793827,0.789416
6,0.1,0.1,0.1,0.1,0.064566845,0.147951715,0.795809,0.791905
7,0.1,0.1,0.1,0.1,0.063360653,0.145820172,0.797222,0.793711
8,0.1,0.1,0.1,0.1,0.062460654,0.14401569,0.798223,0.795075
9,0.1,0.1,0.1,0.1,0.061786568,0.142440926,0.798918,0.796129
10,0.1,0.1,0.1,0.1,0.061280866,0.141037771,0.799385,0.796953
1.2,0.1,0.1,0.1,2.05,0.085292433,0.181158311,0.768866,0.745676
2,0.1,0.1,0.1,2.05,0.077023392,0.167613284,0.780326,0.767639
3,0.1,0.1,0.1,2.05,0.071518955,0.158968132,0.787124,0.779809
4,0.1,0.1,0.1,2.05,0.068220784,0.153949298,0.791182,0.78588
5,0.1,0.1,0.1,2.05,0.065982014,0.150520817,0.793962,0.789525
6,0.1,0.1,0.1,2.05,0.064375089,0.147918406,0.79592,0.791991
7,0.1,0.1,0.1,2.05,0.063192143,0.145806403,0.79731,0.793782
8,0.1,0.1,0.1,2.05,0.062312285,0.144016723,0.79829,0.795136
9,0.1,0.1,0.1,2.05,0.061655686,0.142454701,0.798965,0.796182
10,0.1,0.1,0.1,2.05,0.061164904,0.141061273,0.799414,0.797001
1.2,0.1,0.1,0.1,4,0.084832979,0.180629576,0.769272,0.746412
2,0.1,0.1,0.1,4,0.076679625,0.167316683,0.780573,0.768033
3,0.1,0.1,0.1,4,0.071248622,0.158806093,0.787299,0.780022
4,0.1,0.1,0.1,4,0.067993187,0.153855387,0.791325,0.786014
5,0.1,0.1,0.1,4,0.065785079,0.15046557,0.794082,0.789621
6,0.1,0.1,0.1,4,0.064202684,0.147887874,0.79602,0.792066
7,0.1,0.1,0.1,4,0.063040851,0.145793381,0.797389,0.793845
8,0.1,0.1,0.1,4,0.062179209,0.144017012,0.798349,0.795191
9,0.1,0.1,0.1,4,0.06153817,0.142466044,0.799006,0.79623
10,0.1,0.1,0.1,4,0.061060585,0.141081736,0.79944,0.797043
1.2,0.1,0.1,0.55,0.1,0.108160324,0.184481659,0.747778,0.740988
2,0.1,0.1,0.55,0.1,0.094611807,0.169485567,0.767167,0.765085
3,0.1,0.1,0.55,0.1,0.0854785,0.159982371,0.778047,0.778422
4,0.1,0.1,0.55,0.1,0.08006204,0.154529457,0.783755,0.785011
5,0.1,0.1,0.55,0.1,0.076381102,0.15085316,0.787422,0.788906
6,0.1,0.1,0.55,0.1,0.073654261,0.14809314,0.790064,0.791506
7,0.1,0.1,0.55,0.1,0.071522195,0.145870665,0.792101,0.793379
8,0.1,0.1,0.55,0.1,0.069798541,0.143997357,0.793737,0.79479
9,0.1,0.1,0.55,0.1,0.06837579,0.142367805,0.795086,0.795879
10,0.1,0.1,0.55,0.1,0.067185969,0.140917688,0.796217,0.796733
1.2,0.1,0.1,0.55,2.05,0.101025193,0.183555924,0.754521,0.742306
2,0.1,0.1,0.55,2.05,0.089025582,0.168963429,0.771446,0.765809
3,0.1,0.1,0.55,2.05,0.081019642,0.159700395,0.780953,0.778817
4,0.1,0.1,0.55,2.05,0.07627911,0.154369883,0.786091,0.785258
5,0.1,0.1,0.55,2.05,0.073053549,0.150763611,0.78948,0.789081
6,0.1,0.1,0.55,2.05,0.070670494,0.14804758,0.791944,0.791642
7,0.1,0.1,0.55,2.05,0.068824282,0.145856062,0.793831,0.793492
8,0.1,0.1,0.55,2.05,0.067354209,0.144005979,0.79532,0.794886
9,0.1,0.1,0.55,2.05,0.06616461,0.14239436,0.796516,0.795964
10,0.1,0.1,0.55,2.05,0.065192772,0.140960481,0.797483,0.796807
1.2,0.1,0.1,0.55,4,0.097426513,0.182763506,0.757856,0.743428
2,0.1,0.1,0.55,4,0.086240731,0.168516971,0.773539,0.766421
3,0.1,0.1,0.55,4,0.078807238,0.159459032,0.782396,0.77915
4,0.1,0.1,0.55,4,0.074402418,0.154232349,0.78728,0.785466
5,0.1,0.1,0.55,4,0.071403242,0.150684917,0.790542,0.789229
6,0.1,0.1,0.55,4,0.069194185,0.148006491,0.792915,0.791758
7,0.1,0.1,0.55,4,0.067495,0.145841321,0.794715,0.793588
8,0.1,0.1,0.55,4,0.066155982,0.144011089,0.796113,0.794969
9,0.1,0.1,0.55,4,0.065086371,0.142416205,0.797211,0.796036
10,0.1,0.1,0.55,4,0.064225219,0.140995333,0.798072,0.796871
1.2,0.1,0.1,1,0.1,0.251953198,0.189051527,0.531672,0.734357
2,0.1,0.1,1,0.1,0.215963327,0.172087739,0.585987,0.761349
3,0.1,0.1,1,0.1,0.184214582,0.1613779,0.629833,0.776362
4,0.1,0.1,1,0.1,0.162228666,0.155304707,0.657187,0.783726
5,0.1,0.1,1,0.1,0.145962557,0.151273704,0.675876,0.788006
6,0.1,0.1,1,0.1,0.133313979,0.148290504,0.68957,0.790813
7,0.1,0.1,1,0.1,0.123118883,0.145915036,0.700125,0.79281
8,0.1,0.1,1,0.1,0.114679025,0.143927337,0.708576,0.794304
9,0.1,0.1,1,0.1,0.107548218,0.142206993,0.71554,0.795456
10,0.1,0.1,1,0.1,0.101426028,0.140681762,0.721415,0.79636
1.2,0.1,0.1,1,2.05,0.2281027,0.187332783,0.592851,0.73688
2,0.1,0.1,1,2.05,0.194467588,0.171104995,0.645404,0.762787
3,0.1,0.1,1,2.05,0.16798968,0.160851991,0.681375,0.77716
4,0.1,0.1,1,2.05,0.150299069,0.155015845,0.702466,0.784223
5,0.1,0.1,1,2.05,0.137290763,0.151120029,0.716499,0.788352
6,0.1,0.1,1,2.05,0.127127892,0.148221597,0.726633,0.791079
7,0.1,0.1,1,2.05,0.11886055,0.14590381,0.734367,0.793027
8,0.1,0.1,1,2.05,0.111940409,0.143958767,0.740511,0.794489
9,0.1,0.1,1,2.05,0.106025754,0.142272809,0.745542,0.795616
10,0.1,0.1,1,2.05,0.100890025,0.140775223,0.749755,0.796501
1.2,0.1,0.1,1,4,0.199546339,0.185970082,0.641425,0.738858
2,0.1,0.1,1,4,0.170508747,0.170330098,0.686566,0.763898
3,0.1,0.1,1,4,0.148814725,0.160436836,0.715584,0.777772
4,0.1,0.1,1,4,0.134647565,0.15478478,0.732148,0.784605
5,0.1,0.1,1,4,0.124337684,0.150994504,0.743,0.78862
6,0.1,0.1,1,4,0.116324974,0.14816253,0.750732,0.791285
7,0.1,0.1,1,4,0.109826859,0.145890519,0.75655,0.793196
8,0.1,0.1,1,4,0.10440057,0.143979617,0.761093,0.794633
9,0.1,0.1,1,4,0.099770908,0.142320027,0.764736,0.795743
10,0.1,0.1,1,4,0.095754204,0.140845515,0.767717,0.796612
1.2,0.1,2.05,0.1,0.1,0.09401707,0.174116653,0.751718,0.729093
2,0.1,2.05,0.1,0.1,0.083401829,0.162131202,0.769649,0.7587
3,0.1,2.05,0.1,0.1,0.076094735,0.154032856,0.779702,0.775019
4,0.1,2.05,0.1,0.1,0.071734492,0.149316677,0.785047,0.782932
5,0.1,2.05,0.1,0.1,0.068758036,0.146125808,0.788538,0.787469
6,0.1,2.05,0.1,0.1,0.066546702,0.143717896,0.791082,0.790408
7,0.1,2.05,0.1,0.1,0.064817561,0.141759717,0.793049,0.79248
8,0.1,2.05,0.1,0.1,0.063423148,0.140087616,0.794625,0.794023
9,0.1,2.05,0.1,0.1,0.062277826,0.138611498,0.795913,0.795212
10,0.1,2.05,0.1,0.1,0.061326584,0.137279348,0.796974,0.796146
1.2,0.1,2.05,0.1,2.05,0.079949646,0.167790286,0.767548,0.743205
2,0.1,2.05,0.1,2.05,0.072745681,0.158516936,0.779163,0.766023
3,0.1,2.05,0.1,2.05,0.06781964,0.152138012,0.78608,0.778819
4,0.1,2.05,0.1,2.05,0.064825351,0.14829412,0.790194,0.7852
5,0.1,2.05,0.1,2.05,0.062758615,0.145593486,0.793045,0.789006
6,0.1,2.05,0.1,2.05,0.061241061,0.143488732,0.795108,0.791564
7,0.1,2.05,0.1,2.05,0.060092698,0.141737508,0.796624,0.793416
8,0.1,2.05,0.1,2.05,0.059210509,0.140218297,0.79774,0.794816
9,0.1,2.05,0.1,2.05,0.058528217,0.138864093,0.79855,0.795899
10,0.1,2.05,0.1,2.05,0.057999087,0.13763365,0.799124,0.796749
1.2,0.1,2.05,0.1,4,0.077037197,0.165547341,0.770753,0.747701
2,0.1,2.05,0.1,4,0.07058769,0.157235471,0.781085,0.768298
3,0.1,2.05,0.1,4,0.066140546,0.151438027,0.787419,0.779989
4,0.1,2.05,0.1,4,0.063416275,0.147886166,0.791287,0.785909
5,0.1,2.05,0.1,4,0.061535751,0.145351249,0.793979,0.7895
6,0.1,2.05,0.1,4,0.060166734,0.143352058,0.795896,0.791946
7,0.1,2.05,0.1,4,0.059144674,0.141674731,0.797269,0.793732
8,0.1,2.05,0.1,4,0.058373211,0.140211878,0.798244,0.795087
9,0.1,2.05,0.1,4,0.057788191,0.138903248,0.798923,0.796137
10,0.1,2.05,0.1,4,0.057343657,0.137710652,0.799381,0.796961
1.2,0.1,2.05,0.55,0.1,0.190487109,0.178997546,0.477738,0.716319
2,0.1,2.05,0.55,0.1,0.183935929,0.16499639,0.507711,0.751802
3,0.1,2.05,0.55,0.1,0.167803224,0.15548256,0.554861,0.771369
4,0.1,2.05,0.55,0.1,0.151299904,0.150029595,0.590664,0.780759
5,0.1,2.05,0.55,0.1,0.137236811,0.146425565,0.616839,0.786031
6,0.1,2.05,0.55,0.1,0.125625618,0.143767008,0.63656,0.789362
7,0.1,2.05,0.55,0.1,0.116000217,0.141644718,0.651965,0.791662
8,0.1,2.05,0.55,0.1,0.107921733,0.139854925,0.664399,0.793351
9,0.1,2.05,0.55,0.1,0.101054132,0.138288653,0.674702,0.794644
10,0.1,2.05,0.55,0.1,0.095148557,0.136882664,0.683416,0.795661
1.2,0.1,2.05,0.55,2.05,0.085116548,0.168625875,0.761793,0.741471
2,0.1,2.05,0.55,2.05,0.076615589,0.1589937,0.775707,0.765137
3,0.1,2.05,0.55,2.05,0.070830181,0.152394421,0.783708,0.778361
4,0.1,2.05,0.55,2.05,0.067355177,0.148439222,0.788243,0.784926
5,0.1,2.05,0.55,2.05,0.064967214,0.145676001,0.791327,0.788816
6,0.1,2.05,0.55,2.05,0.063201063,0.143531708,0.793582,0.791419
7,0.1,2.05,0.55,2.05,0.061842732,0.141753165,0.795287,0.793297
8,0.1,2.05,0.55,2.05,0.060775318,0.140212781,0.796598,0.794715
9,0.1,2.05,0.55,2.05,0.059926403,0.138842098,0.797609,0.79581
10,0.1,2.05,0.55,2.05,0.059246498,0.137597515,0.798385,0.796671
1.2,0.1,2.05,0.55,4,0.079306151,0.165978961,0.76825,0.746851
2,0.1,2.05,0.55,4,0.072274253,0.157482785,0.779573,0.767869
3,0.1,2.05,0.55,4,0.067458652,0.151574651,0.786357,0.779768
4,0.1,2.05,0.55,4,0.06452687,0.147966854,0.790414,0.785775
5,0.1,2.05,0.55,4,0.062502793,0.145400199,0.793229,0.789406
6,0.1,2.05,0.55,4,0.061019046,0.143380846,0.79526,0.791873
7,0.1,2.05,0.55,4,0.059898999,0.141689354,0.796747,0.793671
8,0.1,2.05,0.55,4,0.059041445,0.140215407,0.797834,0.795035
9,0.1,2.05,0.55,4,0.058380457,0.138897642,0.798619,0.796091
10,0.1,2.05,0.55,4,0.057869839,0.137697917,0.799172,0.79692
1.2,0.1,2.05,1,0.1,0.049350167,0.191475442,0.492946,0.669887
2,0.1,2.05,1,0.1,0.036421742,0.173528729,0.480902,0.723964
3,0.1,2.05,1,0.1,0.028513247,0.159804971,0.475506,0.755967
4,0.1,2.05,1,0.1,0.02399467,0.15192599,0.473,0.771502
5,0.1,2.05,1,0.1,0.021016224,0.146928625,0.471457,0.780043
6,0.1,2.05,1,0.1,0.018877072,0.143439999,0.470365,0.785211
7,0.1,2.05,1,0.1,0.017253623,0.140797045,0.4695,0.788597
8,0.1,2.05,1,0.1,0.01597437,0.138660892,0.468801,0.790967
9,0.1,2.05,1,0.1,0.014965339,0.136848614,0.468002,0.792715
10,0.1,2.05,1,0.1,0.014430347,0.135255449,0.467026,0.794059
1.2,0.1,2.05,1,2.05,0.10063531,0.169673993,0.743536,0.739247
2,0.1,2.05,1,2.05,0.088703467,0.159591603,0.764335,0.763994
3,0.1,2.05,1,2.05,0.080355273,0.152712387,0.776046,0.777772
4,0.1,2.05,1,2.05,0.075368567,0.148616454,0.782084,0.784573
5,0.1,2.05,1,2.05,0.071986702,0.145773482,0.785875,0.788575
6,0.1,2.05,1,2.05,0.069486234,0.143579549,0.788557,0.791235
7,0.1,2.05,1,2.05,0.067529845,0.141766518,0.790596,0.793147
8,0.1,2.05,1,2.05,0.06594115,0.140200904,0.792219,0.794586
9,0.1,2.05,1,2.05,0.064619634,0.13880931,0.793551,0.795698
10,0.1,2.05,1,2.05,0.063502649,0.137547586,0.79467,0.796571
1.2,0.1,2.05,1,4,0.08289993,0.166467498,0.764249,0.745881
2,0.1,2.05,1,4,0.074955743,0.157762487,0.77717,0.767379
3,0.1,2.05,1,4,0.06954619,0.151728174,0.784699,0.779516
4,0.1,2.05,1,4,0.066283894,0.148056965,0.78905,0.785622
5,0.1,2.05,1,4,0.064038092,0.145454124,0.792035,0.789299
6,0.1,2.05,1,4,0.062381639,0.143411819,0.79421,0.79179
7,0.1,2.05,1,4,0.061115517,0.141703736,0.795838,0.793603
8,0.1,2.05,1,4,0.060128908,0.140217538,0.797069,0.794976
9,0.1,2.05,1,4,0.059352125,0.138890256,0.798,0.79604
10,0.1,2.05,1,4,0.058737189,0.137681849,0.798694,0.796874
1.2,0.1,4,0.1,0.1,0.177875571,0.168652285,0.5479,0.714726
2,0.1,4,0.1,0.1,0.166521175,0.158707878,0.608522,0.751547
3,0.1,4,0.1,0.1,0.149031813,0.151219531,0.65356,0.771436
4,0.1,4,0.1,0.1,0.135271466,0.146779731,0.680221,0.780864
5,0.1,4,0.1,0.1,0.124538414,0.143775695,0.697884,0.786127
6,0.1,4,0.1,0.1,0.115907865,0.141510734,0.710552,0.789442
7,0.1,4,0.1,0.1,0.108768947,0.139664797,0.720153,0.791729
8,0.1,4,0.1,0.1,0.102727122,0.138080002,0.72773,0.793407
9,0.1,4,0.1,0.1,0.097520109,0.136671411,0.733901,0.794691
10,0.1,4,0.1,0.1,0.092967733,0.135390327,0.739054,0.795701
1.2,0.1,4,0.1,2.05,0.077055319,0.160362941,0.764967,0.739072
2,0.1,4,0.1,2.05,0.070396965,0.15357688,0.77729,0.76364
3,0.1,4,0.1,2.05,0.065722439,0.148410784,0.784591,0.777489
4,0.1,4,0.1,2.05,0.062858792,0.145174318,0.788851,0.784358
5,0.1,4,0.1,2.05,0.060863836,0.142848549,0.791801,0.788402
6,0.1,4,0.1,2.05,0.05937622,0.141000407,0.793973,0.79109
7,0.1,4,0.1,2.05,0.058226532,0.139434593,0.795617,0.793021
8,0.1,4,0.1,2.05,0.057320572,0.138053783,0.796874,0.794474
9,0.1,4,0.1,2.05,0.056598571,0.136804824,0.797835,0.795599
10,0.1,4,0.1,2.05,0.056019675,0.13565522,0.79856,0.796484
1.2,0.1,4,0.1,4,0.073603935,0.157990957,0.769339,0.744247
2,0.1,4,0.1,4,0.067833176,0.152118211,0.779866,0.766155
3,0.1,4,0.1,4,0.06374291,0.14754694,0.786347,0.778731
4,0.1,4,0.1,4,0.061202843,0.144615293,0.790285,0.785079
5,0.1,4,0.1,4,0.059422971,0.142464192,0.793052,0.788884
6,0.1,4,0.1,4,0.058100503,0.140727315,0.795072,0.79145
7,0.1,4,0.1,4,0.057088813,0.139238797,0.796568,0.793313
8,0.1,4,0.1,4,0.056302873,0.137916039,0.797675,0.794723
9,0.1,4,0.1,4,0.055687487,0.136714019,0.798484,0.795816
10,0.1,4,0.1,4,0.055203661,0.135602605,0.799062,0.796677
1.2,0.1,4,0.55,0.1,0.104173425,0.174258204,0.486955,0.680476
2,0.1,4,0.55,0.1,0.090247304,0.163115413,0.472706,0.733851
3,0.1,4,0.55,0.1,0.077691907,0.153425492,0.46627,0.762496
4,0.1,4,0.55,0.1,0.070337894,0.147743656,0.464727,0.775732
5,0.1,4,0.55,0.1,0.070247401,0.144043519,0.469282,0.78288
6,0.1,4,0.55,0.1,0.077086995,0.141367162,0.482904,0.787207
7,0.1,4,0.55,0.1,0.084053811,0.139262156,0.503377,0.790073
8,0.1,4,0.55,0.1,0.087429213,0.137501153,0.525693,0.792111
9,0.1,4,0.55,0.1,0.087770785,0.13596314,0.546898,0.793638
10,0.1,4,0.55,0.1,0.086339008,0.134580399,0.566036,0.794823
1.2,0.1,4,0.55,2.05,0.080786309,0.160940865,0.76023,0.737738
2,0.1,4,0.55,2.05,0.073207452,0.153930721,0.774482,0.762988
3,0.1,4,0.55,2.05,0.067896527,0.148616439,0.782693,0.777165
4,0.1,4,0.55,2.05,0.064676491,0.145304099,0.787294,0.784171
5,0.1,4,0.55,2.05,0.06244892,0.142934836,0.790412,0.788278
6,0.1,4,0.55,2.05,0.060786267,0.141059114,0.792709,0.790998
7,0.1,4,0.55,2.05,0.059491895,0.13947477,0.794472,0.792946
8,0.1,4,0.55,2.05,0.058459954,0.138079859,0.795857,0.794412
9,0.1,4,0.55,2.05,0.057625529,0.136819499,0.796956,0.795545
10,0.1,4,0.55,2.05,0.056944902,0.135660684,0.797829,0.796436
1.2,0.1,4,0.55,4,0.074974094,0.158273035,0.767592,0.743651
2,0.1,4,0.55,4,0.068852092,0.15229283,0.778828,0.765866
3,0.1,4,0.55,4,0.06453407,0.147651894,0.78563,0.778588
4,0.1,4,0.55,4,0.061868373,0.144684615,0.789696,0.784995
5,0.1,4,0.55,4,0.060004709,0.142512276,0.792539,0.788828
6,0.1,4,0.55,4,0.058617691,0.140762386,0.794623,0.791408
7,0.1,4,0.55,4,0.057551861,0.139264544,0.796182,0.793279
8,0.1,4,0.55,4,0.056718725,0.137934848,0.797353,0.794694
9,0.1,4,0.55,4,0.056061315,0.136726783,0.798226,0.795791
10,0.1,4,0.55,4,0.055539932,0.135611168,0.798865,0.796654
1.2,0.1,4,1,0.1,0.019340039,0.129754787,0.49369,0.577766
2,0.1,4,1,0.1,0.013535335,0.142951797,0.482265,0.607419
3,0.1,4,1,0.1,0.010334995,0.152261925,0.477384,0.689918
4,0.1,4,1,0.1,0.008599308,0.146747282,0.474998,0.734635
5,0.1,4,1,0.1,0.007486463,0.141642934,0.47335,0.757983
6,0.1,4,1,0.1,0.006698704,0.137956941,0.472169,0.771202
7,0.1,4,1,0.1,0.006104717,0.135258316,0.471332,0.779209
8,0.1,4,1,0.1,0.005638016,0.133167339,0.470709,0.784349
9,0.1,4,1,0.1,0.005261705,0.131449095,0.470067,0.787821
10,0.1,4,1,0.1,0.004953298,0.129965625,0.469131,0.790278
1.2,0.1,4,1,2.05,0.089219202,0.16162413,0.749193,0.736115
2,0.1,4,1,2.05,0.079735599,0.154348943,0.767814,0.762192
3,0.1,4,1,2.05,0.072987295,0.148857065,0.77829,0.776771
4,0.1,4,1,2.05,0.068933372,0.145453978,0.783785,0.783942
5,0.1,4,1,2.05,0.066165615,0.143032593,0.787317,0.788128
6,0.1,4,1,2.05,0.064108009,0.141124788,0.789861,0.790886
7,0.1,4,1,2.05,0.062494322,0.139517794,0.791816,0.792857
8,0.1,4,1,2.05,0.061186212,0.138106076,0.793378,0.794336
9,0.1,4,1,2.05,0.060103654,0.136832604,0.794659,0.79548
10,0.1,4,1,2.05,0.059196105,0.135662816,0.795728,0.796378
1.2,0.1,4,1,4,0.076862692,0.158580783,0.765193,0.742995
2,0.1,4,1,4,0.070260243,0.152482592,0.777408,0.765548
3,0.1,4,1,4,0.065623748,0.14776546,0.784659,0.778431
4,0.1,4,1,4,0.062782394,0.144758403,0.788896,0.784905
5,0.1,4,1,4,0.060803239,0.142564267,0.791831,0.788767
6,0.1,4,1,4,0.059328267,0.14079968,0.79399,0.791362
7,0.1,4,1,4,0.05818942,0.139291754,0.795621,0.793241
8,0.1,4,1,4,0.057292719,0.137954734,0.796869,0.794661
9,0.1,4,1,4,0.056578764,0.136740448,0.797822,0.795763
10,0.1,4,1,4,0.05600659,0.135620071,0.798543,0.796629
1.2,0.55,0.1,0.1,0.1,0.115489957,0.207395402,0.794885,0.76997
2,0.55,0.1,0.1,0.1,0.110736273,0.190500225,0.797791,0.781786
3,0.55,0.1,0.1,0.1,0.108701857,0.179909165,0.799095,0.788453
4,0.55,0.1,0.1,0.1,0.108000871,0.173664939,0.799499,0.792154
5,0.55,0.1,0.1,0.1,0.107732156,0.169403384,0.79966,0.794576
6,0.55,0.1,0.1,0.1,0.107617308,0.166261177,0.799758,0.796249
7,0.55,0.1,0.1,0.1,0.107563413,0.163829971,0.799831,0.797429
8,0.55,0.1,0.1,0.1,0.107534217,0.161881116,0.799886,0.798267
9,0.55,0.1,0.1,0.1,0.107517025,0.16026977,0.799931,0.798863
10,0.55,0.1,0.1,0.1,0.107505969,0.158900547,0.79997,0.799285
1.2,0.55,0.1,0.1,2.05,0.115442986,0.207079651,0.794919,0.770205
2,0.55,0.1,0.1,2.05,0.110720809,0.190325907,0.797807,0.781915
3,0.55,0.1,0.1,2.05,0.10870173,0.179811922,0.799103,0.788533
4,0.55,0.1,0.1,2.05,0.10800709,0.173608569,0.799503,0.792213
5,0.55,0.1,0.1,2.05,0.107741214,0.169373516,0.799661,0.794624
6,0.55,0.1,0.1,2.05,0.10762858,0.166251561,0.799757,0.796289
7,0.55,0.1,0.1,2.05,0.107575442,0.163836629,0.799828,0.797462
8,0.55,0.1,0.1,2.05,0.107547216,0.161901609,0.799883,0.798295
9,0.55,0.1,0.1,2.05,0.107530025,0.160302504,0.799928,0.798885
10,0.55,0.1,0.1,2.05,0.107518969,0.158942932,0.799967,0.799303
1.2,0.55,0.1,0.1,4,0.115396149,0.20678275,0.794952,0.770426
2,0.55,0.1,0.1,4,0.110704537,0.19016184,0.797822,0.782037
3,0.55,0.1,0.1,4,0.108700777,0.179720348,0.79911,0.788609
4,0.55,0.1,0.1,4,0.108012827,0.173555301,0.799507,0.792269
5,0.55,0.1,0.1,4,0.107750271,0.169345635,0.799662,0.79467
6,0.55,0.1,0.1,4,0.107638882,0.166242363,0.799756,0.796327
7,0.55,0.1,0.1,4,0.107586366,0.163843171,0.799826,0.797494
8,0.55,0.1,0.1,4,0.107558627,0.16192109,0.799881,0.79832
9,0.55,0.1,0.1,4,0.107542054,0.160332822,0.799925,0.798906
10,0.55,0.1,0.1,4,0.107531483,0.158983401,0.799964,0.799319
1.2,0.55,0.1,0.55,0.1,0.120418417,0.213790826,0.791714,0.765225
2,0.55,0.1,0.55,0.1,0.112821433,0.194057774,0.796252,0.779151
3,0.55,0.1,0.55,0.1,0.109234562,0.181894923,0.798434,0.786833
4,0.55,0.1,0.55,0.1,0.107839877,0.17482809,0.799306,0.790941
5,0.55,0.1,0.55,0.1,0.107237025,0.170034045,0.799754,0.793581
6,0.55,0.1,0.55,0.1,0.10695701,0.166493311,0.799996,0.795411
7,0.55,0.1,0.55,0.1,0.106817361,0.163740096,0.800115,0.796719
8,0.55,0.1,0.55,0.1,0.106739586,0.161520449,0.800168,0.797668
9,0.55,0.1,0.55,0.1,0.106690174,0.15967731,0.800191,0.798363
10,0.55,0.1,0.55,0.1,0.106653837,0.158106657,0.8002,0.798874
1.2,0.55,0.1,0.55,2.05,0.120179891,0.212935132,0.791876,0.765861
2,0.55,0.1,0.55,2.05,0.112716728,0.19357797,0.796333,0.779509
3,0.55,0.1,0.55,2.05,0.109207891,0.181626449,0.798468,0.787053
4,0.55,0.1,0.55,2.05,0.107849925,0.174670309,0.799314,0.791106
5,0.55,0.1,0.55,2.05,0.107264422,0.169947011,0.799749,0.793717
6,0.55,0.1,0.55,2.05,0.106992429,0.166458801,0.799986,0.795526
7,0.55,0.1,0.55,2.05,0.106856844,0.163747853,0.800104,0.796817
8,0.55,0.1,0.55,2.05,0.106780775,0.161563428,0.800159,0.797752
9,0.55,0.1,0.55,2.05,0.106731599,0.159751053,0.800184,0.798433
10,0.55,0.1,0.55,2.05,0.106695496,0.158207317,0.800195,0.798931
1.2,0.55,0.1,0.55,4,0.119955455,0.212185073,0.792025,0.766419
2,0.55,0.1,0.55,4,0.112618091,0.193158307,0.796407,0.779821
3,0.55,0.1,0.55,4,0.109182243,0.181392122,0.798498,0.787244
4,0.55,0.1,0.55,4,0.107858655,0.174532615,0.799321,0.791249
5,0.55,0.1,0.55,4,0.107290003,0.169871623,0.799743,0.793835
6,0.55,0.1,0.55,4,0.107025405,0.166429337,0.799976,0.795626
7,0.55,0.1,0.55,4,0.106892772,0.163755827,0.800094,0.796903
8,0.55,0.1,0.55,4,0.106818537,0.161602771,0.80015,0.797825
9,0.55,0.1,0.55,4,0.106770084,0.159816724,0.800177,0.798494
10,0.55,0.1,0.55,4,0.106734213,0.158296406,0.80019,0.798981
1.2,0.55,0.1,1,0.1,0.399768972,0.25390503,0.530405,0.734676
2,0.55,0.1,1,0.1,0.30667912,0.218408277,0.581817,0.760004
3,0.55,0.1,1,0.1,0.241679829,0.195968254,0.622954,0.774758
4,0.55,0.1,1,0.1,0.202284125,0.183106792,0.648887,0.782312
5,0.55,0.1,1,0.1,0.175480384,0.174642691,0.666811,0.786807
6,0.55,0.1,1,0.1,0.155871406,0.16853708,0.680076,0.789786
7,0.55,0.1,1,0.1,0.140803101,0.163843038,0.69039,0.791915
8,0.55,0.1,1,0.1,0.128804541,0.160066696,0.698713,0.793516
9,0.55,0.1,1,0.1,0.11899002,0.156925464,0.705628,0.79476
10,0.55,0.1,1,0.1,0.110792866,0.154244795,0.711499,0.795747
1.2,0.55,0.1,1,2.05,0.338415726,0.238907036,0.623941,0.74624
2,0.55,0.1,1,2.05,0.272705815,0.208863079,0.670317,0.767728
3,0.55,0.1,1,2.05,0.227333299,0.190312881,0.700593,0.779761
4,0.55,0.1,1,2.05,0.198673137,0.179777267,0.718059,0.785833
5,0.55,0.1,1,2.05,0.17823559,0.172806267,0.729622,0.789498
6,0.55,0.1,1,2.05,0.162617022,0.167724965,0.737966,0.791981
7,0.55,0.1,1,2.05,0.150141643,0.163780794,0.744341,0.793783
8,0.55,0.1,1,2.05,0.139867703,0.160584953,0.74941,0.795144
9,0.55,0.1,1,2.05,0.131215326,0.157914609,0.753553,0.796194
10,0.55,0.1,1,2.05,0.123802116,0.155628875,0.75701,0.797016
1.2,0.55,0.1,1,4,0.273030364,0.231582217,0.685008,0.751812
2,0.55,0.1,1,4,0.22636069,0.204392918,0.720199,0.771228
3,0.55,0.1,1,4,0.194606717,0.187736954,0.74215,0.781942
4,0.55,0.1,1,4,0.174697596,0.178267909,0.75434,0.787373
5,0.55,0.1,1,4,0.160561889,0.171964556,0.762083,0.790701
6,0.55,0.1,1,4,0.1497853,0.167344173,0.767423,0.792982
7,0.55,0.1,1,4,0.141176984,0.163745979,0.771322,0.794642
8,0.55,0.1,1,4,0.134066066,0.16082637,0.774294,0.795891
9,0.55,0.1,1,4,0.128039989,0.15838639,0.776641,0.796848
10,0.55,0.1,1,4,0.122831332,0.156298277,0.778546,0.79759
1.2,0.55,2.05,0.1,0.1,0.111590149,0.198471478,0.794016,0.763927
2,0.55,2.05,0.1,0.1,0.106402125,0.182437135,0.79734,0.778165
3,0.55,2.05,0.1,0.1,0.104086309,0.172403712,0.79888,0.786079
4,0.55,2.05,0.1,0.1,0.10325051,0.166506736,0.799408,0.7903
5,0.55,2.05,0.1,0.1,0.10291263,0.162450549,0.799651,0.793015
6,0.55,2.05,0.1,0.1,0.102760557,0.159406006,0.799801,0.794911
7,0.55,2.05,0.1,0.1,0.102685076,0.156996719,0.799899,0.796285
8,0.55,2.05,0.1,0.1,0.102643624,0.155020269,0.799965,0.797297
9,0.55,2.05,0.1,0.1,0.102616787,0.153352361,0.800012,0.798051
10,0.55,2.05,0.1,0.1,0.102599352,0.151910852,0.800049,0.798617
1.2,0.55,2.05,0.1,2.05,0.110824438,0.194694406,0.794691,0.768564
2,0.55,2.05,0.1,2.05,0.106218032,0.18063082,0.797667,0.780705
3,0.55,2.05,0.1,2.05,0.104206888,0.171657229,0.799032,0.787621
4,0.55,2.05,0.1,2.05,0.103503204,0.16629263,0.799471,0.791447
5,0.55,2.05,0.1,2.05,0.103229481,0.162570813,0.799653,0.793958
6,0.55,2.05,0.1,2.05,0.103111467,0.159773879,0.799765,0.795714
7,0.55,2.05,0.1,2.05,0.103056295,0.157567593,0.799844,0.796971
8,0.55,2.05,0.1,2.05,0.103026953,0.155765536,0.799903,0.79788
9,0.55,2.05,0.1,2.05,0.103009775,0.154250477,0.79995,0.798542
10,0.55,2.05,0.1,2.05,0.102999191,0.152945104,0.799989,0.799023
1.2,0.55,2.05,0.1,4,0.110347196,0.192940887,0.795159,0.770695
2,0.55,2.05,0.1,4,0.106140867,0.179803806,0.797891,0.781864
3,0.55,2.05,0.1,4,0.104332977,0.171319983,0.79914,0.788332
4,0.55,2.05,0.1,4,0.103714015,0.166204378,0.799526,0.79198
5,0.55,2.05,0.1,4,0.103481476,0.162643315,0.79967,0.794396
6,0.55,2.05,0.1,4,0.103386085,0.159968344,0.799753,0.796083
7,0.55,2.05,0.1,4,0.103343156,0.15786343,0.799816,0.797283
8,0.55,2.05,0.1,4,0.103321945,0.156148242,0.799867,0.798144
9,0.55,2.05,0.1,4,0.103310973,0.154710335,0.799909,0.79876
10,0.55,2.05,0.1,4,0.103304553,0.153472948,0.799947,0.799202
1.2,0.55,2.05,0.55,0.1,0.116492324,0.209641613,0.789176,0.750072
2,0.55,2.05,0.55,0.1,0.107916953,0.188123578,0.79478,0.770292
3,0.55,2.05,0.55,0.1,0.10360391,0.174913048,0.797694,0.781408
4,0.55,2.05,0.55,0.1,0.101794108,0.167400395,0.799003,0.786999
5,0.55,2.05,0.55,0.1,0.100958776,0.162376042,0.799682,0.790403
6,0.55,2.05,0.55,0.1,0.100553144,0.158660892,0.80001,0.792728
7,0.55,2.05,0.55,0.1,0.100345483,0.15573403,0.800147,0.79442
8,0.55,2.05,0.55,0.1,0.100228943,0.153328129,0.8002,0.795697
9,0.55,2.05,0.55,0.1,0.100155176,0.151289809,0.800219,0.796677
10,0.55,2.05,0.55,0.1,0.100102136,0.149522136,0.800227,0.797439
1.2,0.55,2.05,0.55,2.05,0.113590866,0.196938495,0.792402,0.765825
2,0.55,2.05,0.55,2.05,0.107065812,0.181699898,0.796548,0.779208
3,0.55,2.05,0.55,2.05,0.103996729,0.17209746,0.798546,0.78671
4,0.55,2.05,0.55,2.05,0.10281782,0.166416941,0.799324,0.790766
5,0.55,2.05,0.55,2.05,0.102313897,0.162495236,0.799721,0.793397
6,0.55,2.05,0.55,2.05,0.102081082,0.159549125,0.799943,0.795236
7,0.55,2.05,0.55,2.05,0.101964239,0.157220377,0.800061,0.796562
8,0.55,2.05,0.55,2.05,0.101899074,0.155312525,0.800121,0.797533
9,0.55,2.05,0.55,2.05,0.10185736,0.153705191,0.800152,0.798249
10,0.55,2.05,0.55,2.05,0.101827131,0.152317253,0.800169,0.798781
1.2,0.55,2.05,0.55,4,0.112009329,0.194188759,0.79367,0.769184
2,0.55,2.05,0.55,4,0.106550509,0.180392412,0.797162,0.781042
3,0.55,2.05,0.55,4,0.104082811,0.17156017,0.798799,0.787828
4,0.55,2.05,0.55,4,0.103178566,0.166267637,0.799382,0.791601
5,0.55,2.05,0.55,4,0.102805803,0.162591962,0.799662,0.794085
6,0.55,2.05,0.55,4,0.102636198,0.159829801,0.799833,0.795821
7,0.55,2.05,0.55,4,0.102550494,0.157652143,0.799939,0.797062
8,0.55,2.05,0.55,4,0.102501644,0.155874819,0.800007,0.797957
9,0.55,2.05,0.55,4,0.102470471,0.154382064,0.800052,0.798606
10,0.55,2.05,0.55,4,0.102448328,0.153096182,0.800086,0.799075
1.2,0.55,2.05,1,0.1,0.075327527,0.150417979,0.489799,0.566251
2,0.55,2.05,1,0.1,0.053954955,0.114697662,0.47768,0.558849
3,0.55,2.05,1,0.1,0.041622328,0.091704144,0.472439,0.555911
4,0.55,2.05,1,0.1,0.034780682,0.080163165,0.469999,0.557092
5,0.55,2.05,1,0.1,0.03034386,0.084920129,0.468462,0.571715
6,0.55,2.05,1,0.1,0.027189287,0.105043314,0.467337,0.615684
7,0.55,2.05,1,0.1,0.02481188,0.115258262,0.466406,0.666318
8,0.55,2.05,1,0.1,0.022957777,0.117420769,0.465481,0.705168
9,0.55,2.05,1,0.1,0.021520997,0.117115212,0.464365,0.732152
10,0.55,2.05,1,0.1,0.020668403,0.116306431,0.463399,0.75053
1.2,0.55,2.05,1,2.05,0.126800632,0.201291419,0.780878,0.760461
2,0.55,2.05,1,2.05,0.113225641,0.183824757,0.789365,0.776229
3,0.55,2.05,1,2.05,0.105454731,0.172997294,0.794161,0.784913
4,0.55,2.05,1,2.05,0.101605322,0.166702158,0.796781,0.789448
5,0.55,2.05,1,2.05,0.09953667,0.162402378,0.798325,0.792324
6,0.55,2.05,1,2.05,0.098390455,0.159182856,0.799173,0.794328
7,0.55,2.05,1,2.05,0.097737106,0.156633582,0.799613,0.795787
8,0.55,2.05,1,2.05,0.097348823,0.154538223,0.799828,0.796873
9,0.55,2.05,1,2.05,0.097103116,0.152766643,0.799926,0.797691
10,0.55,2.05,1,2.05,0.096934427,0.151233832,0.799964,0.798313
1.2,0.55,2.05,1,4,0.115711158,0.195973139,0.789925,0.767015
2,0.55,2.05,1,4,0.107635331,0.18123912,0.795186,0.779859
3,0.55,2.05,1,4,0.103639969,0.171907936,0.797895,0.787106
4,0.55,2.05,1,4,0.101997617,0.166363527,0.799091,0.791061
5,0.55,2.05,1,4,0.101254474,0.162527559,0.799711,0.79364
6,0.55,2.05,1,4,0.100899956,0.159645142,0.800016,0.795442
7,0.55,2.05,1,4,0.100721899,0.157368609,0.800146,0.796738
8,0.55,2.05,1,4,0.10062415,0.155505675,0.800195,0.797682
9,0.55,2.05,1,4,0.100563381,0.153937828,0.800212,0.798374
10,0.55,2.05,1,4,0.10052015,0.15258507,0.800219,0.798884
1.2,0.55,4,0.1,0.1,0.108134205,0.190665254,0.793061,0.756827
2,0.55,4,0.1,0.1,0.102489998,0.175566093,0.796839,0.773996
3,0.55,4,0.1,0.1,0.099852443,0.166091278,0.798657,0.783486
4,0.55,4,0.1,0.1,0.09885453,0.160558352,0.799341,0.788378
5,0.55,4,0.1,0.1,0.098434517,0.156754426,0.79968,0.791444
6,0.55,4,0.1,0.1,0.098241565,0.15387509,0.799877,0.793575
7,0.55,4,0.1,0.1,0.098144919,0.151563187,0.799991,0.795136
8,0.55,4,0.1,0.1,0.098090927,0.149634014,0.800056,0.796312
9,0.55,4,0.1,0.1,0.098056731,0.147978473,0.800095,0.797209
10,0.55,4,0.1,0.1,0.098032376,0.146526503,0.800123,0.797901
1.2,0.55,4,0.1,2.05,0.106869487,0.185602707,0.794397,0.766239
2,0.55,4,0.1,2.05,0.102305972,0.173426575,0.79749,0.779129
3,0.55,4,0.1,2.05,0.100264085,0.165541323,0.798944,0.786505
4,0.55,4,0.1,2.05,0.099533353,0.160781843,0.799434,0.790538
5,0.55,4,0.1,2.05,0.099242961,0.15743672,0.799648,0.793175
6,0.55,4,0.1,2.05,0.099115462,0.154881436,0.799779,0.795032
7,0.55,4,0.1,2.05,0.099053847,0.152828715,0.799868,0.796382
8,0.55,4,0.1,2.05,0.09902085,0.151121582,0.799931,0.797379
9,0.55,4,0.1,2.05,0.099001231,0.149663486,0.799979,0.798121
10,0.55,4,0.1,2.05,0.098988881,0.148389121,0.800018,0.798677
1.2,0.55,4,0.1,4,0.106317559,0.184023815,0.795105,0.769167
2,0.55,4,0.1,4,0.102318992,0.172799236,0.797836,0.780716
3,0.55,4,0.1,4,0.100572722,0.165412781,0.799109,0.787469
4,0.55,4,0.1,4,0.099969293,0.160897901,0.799511,0.791256
5,0.55,4,0.1,4,0.099740949,0.157705559,0.799665,0.793767
6,0.55,4,0.1,4,0.09964727,0.155264739,0.799753,0.795536
7,0.55,4,0.1,4,0.09960552,0.153307483,0.799819,0.796814
8,0.55,4,0.1,4,0.099585653,0.151684568,0.799871,0.797748
9,0.55,4,0.1,4,0.099575728,0.150302231,0.799915,0.798432
10,0.55,4,0.1,4,0.099571207,0.149096707,0.799953,0.798934
1.2,0.55,4,0.55,0.1,0.114946037,0.251600075,0.783778,0.597705
2,0.55,4,0.55,0.1,0.104389701,0.215001002,0.791156,0.646194
3,0.55,4,0.55,0.1,0.098569016,0.185165936,0.795415,0.691948
4,0.55,4,0.55,0.1,0.095813184,0.166483109,0.797696,0.722224
5,0.55,4,0.55,0.1,0.094380236,0.154222271,0.798986,0.74286
6,0.55,4,0.55,0.1,0.09359579,0.145883421,0.799642,0.757283
7,0.55,4,0.55,0.1,0.093137471,0.140034188,0.799945,0.767513
8,0.55,4,0.55,0.1,0.092844137,0.13579548,0.800069,0.774847
9,0.55,4,0.55,0.1,0.092634102,0.132605618,0.800111,0.780168
10,0.55,4,0.55,0.1,0.092467055,0.130104607,0.800115,0.784085
1.2,0.55,4,0.55,2.05,0.108720368,0.186843401,0.792452,0.763932
2,0.55,4,0.55,2.05,0.102638074,0.173931173,0.796532,0.777875
3,0.55,4,0.55,2.05,0.09973722,0.165655224,0.79853,0.785754
4,0.55,4,0.55,2.05,0.098614415,0.160704983,0.799315,0.789987
5,0.55,4,0.55,2.05,0.098133726,0.157244869,0.799714,0.792724
6,0.55,4,0.55,2.05,0.097912197,0.154604272,0.799938,0.79465
7,0.55,4,0.55,2.05,0.097802705,0.152481881,0.800056,0.796055
8,0.55,4,0.55,2.05,0.097742876,0.150714301,0.800115,0.7971
9,0.55,4,0.55,2.05,0.097705524,0.1492017,0.800146,0.797884
10,0.55,4,0.55,2.05,0.097679253,0.147878411,0.800163,0.798478
1.2,0.55,4,0.55,4,0.107149536,0.184627826,0.794085,0.768055
2,0.55,4,0.55,4,0.102340052,0.173038559,0.797335,0.780113
3,0.55,4,0.55,4,0.1001662,0.16546118,0.798871,0.787101
4,0.55,4,0.55,4,0.099377004,0.160852518,0.799405,0.790981
5,0.55,4,0.55,4,0.099057541,0.157601476,0.79965,0.793539
6,0.55,4,0.55,4,0.098914521,0.155115881,0.799799,0.795342
7,0.55,4,0.55,4,0.098843547,0.153121084,0.799897,0.796648
8,0.55,4,0.55,4,0.098804259,0.151465314,0.799962,0.797605
9,0.55,4,0.55,4,0.098779738,0.150053186,0.800009,0.798312
10,0.55,4,0.55,4,0.098763096,0.14882064,0.800046,0.798835
1.2,0.55,4,1,0.1,0.03334488,0.059073938,0.491751,0.570613
2,0.55,4,1,0.1,0.02300862,0.042107596,0.480301,0.564029
3,0.55,4,1,0.1,0.017451341,0.032499059,0.475691,0.56092
4,0.55,4,1,0.1,0.014471765,0.027197328,0.473614,0.559163
5,0.55,4,1,0.1,0.012576654,0.026780292,0.472139,0.558304
6,0.55,4,1,0.1,0.011242853,0.088276094,0.470997,0.594493
7,0.55,4,1,0.1,0.010239856,0.11583382,0.470159,0.661566
8,0.55,4,1,0.1,0.00945373,0.119602871,0.469447,0.706212
9,0.55,4,1,0.1,0.008822356,0.119111892,0.46855,0.734585
10,0.55,4,1,0.1,0.008304533,0.11799914,0.467374,0.752988
1.2,0.55,4,1,2.05,0.112766536,0.18890834,0.786693,0.7601
2,0.55,4,1,2.05,0.103425232,0.174800751,0.793083,0.775782
3,0.55,4,1,2.05,0.09851821,0.165876499,0.796596,0.784519
4,0.55,4,1,2.05,0.096341079,0.160612089,0.798358,0.789099
5,0.55,4,1,2.05,0.095280469,0.156963955,0.799335,0.792012
6,0.55,4,1,2.05,0.094736797,0.154191443,0.799832,0.794049
7,0.55,4,1,2.05,0.09444037,0.151962454,0.800061,0.795542
8,0.55,4,1,2.05,0.094262144,0.150103359,0.80016,0.796661
9,0.55,4,1,2.05,0.094140896,0.148509782,0.800198,0.797509
10,0.55,4,1,2.05,0.094047841,0.147112888,0.800206,0.798159
1.2,0.55,4,1,4,0.10915849,0.185402942,0.791904,0.766622
2,0.55,4,1,4,0.102726645,0.17334781,0.796246,0.779335
3,0.55,4,1,4,0.099609261,0.165526083,0.79841,0.78663
4,0.55,4,1,4,0.098379553,0.160797756,0.79929,0.790631
5,0.55,4,1,4,0.097846128,0.157472303,0.799741,0.79325
6,0.55,4,1,4,0.097600155,0.154931262,0.799983,0.795096
7,0.55,4,1,4,0.097480199,0.152890358,0.800102,0.796437
8,0.55,4,1,4,0.097416467,0.151193669,0.800155,0.797425
9,0.55,4,1,4,0.097378029,0.149744952,0.800177,0.79816
10,0.55,4,1,4,0.097351658,0.148479279,0.800185,0.798709
1.2,1,0.1,0.1,0.1,0.143150485,0.225788688,0.798311,0.778879
2,1,0.1,0.1,0.1,0.141523709,0.207675337,0.799132,0.787436
3,1,0.1,0.1,0.1,0.140926761,0.196375569,0.799569,0.792409
4,1,0.1,0.1,0.1,0.140741296,0.189880555,0.799752,0.795267
5,1,0.1,0.1,0.1,0.140677929,0.185669976,0.799828,0.797089
6,1,0.1,0.1,0.1,0.140655244,0.1827635,0.799858,0.798243
7,1,0.1,0.1,0.1,0.140647012,0.180655293,0.799869,0.798968
8,1,0.1,0.1,0.1,0.140644086,0.179050409,0.799873,0.799419
9,1,0.1,0.1,0.1,0.140642429,0.177767788,0.799874,0.799691
10,1,0.1,0.1,0.1,0.140641336,0.176693409,0.799876,0.79985
1.2,1,0.1,0.1,2.05,0.143057492,0.225538602,0.798318,0.779012
2,1,0.1,0.1,2.05,0.141437955,0.207536197,0.799135,0.787512
3,1,0.1,0.1,2.05,0.140843316,0.196299645,0.79957,0.792459
4,1,0.1,0.1,2.05,0.140658326,0.189841981,0.799752,0.795303
5,1,0.1,0.1,2.05,0.140594567,0.185658318,0.799828,0.797116
6,1,0.1,0.1,2.05,0.140571504,0.182773117,0.799858,0.798261
7,1,0.1,0.1,2.05,0.140563094,0.180680741,0.79987,0.798982
8,1,0.1,0.1,2.05,0.140559601,0.179089104,0.799873,0.799427
9,1,0.1,0.1,2.05,0.140557767,0.177817102,0.799875,0.799696
10,1,0.1,0.1,2.05,0.140556479,0.176751343,0.799876,0.799852
1.2,1,0.1,0.1,4,0.142967368,0.225299644,0.798325,0.779139
2,1,0.1,0.1,4,0.141354543,0.207402725,0.799137,0.787586
3,1,0.1,0.1,4,0.140762591,0.196227181,0.79957,0.792507
4,1,0.1,0.1,4,0.140577902,0.189805827,0.799752,0.795337
5,1,0.1,0.1,4,0.14051375,0.185647692,0.799828,0.797141
6,1,0.1,0.1,4,0.14049068,0.18278216,0.799858,0.798279
7,1,0.1,0.1,4,0.140481526,0.180705768,0.79987,0.798994
8,1,0.1,0.1,4,0.140478032,0.179126333,0.799873,0.799435
9,1,0.1,0.1,4,0.140475456,0.177864571,0.799875,0.7997
10,1,0.1,0.1,4,0.140473992,0.176806679,0.799877,0.799855
1.2,1,0.1,0.55,0.1,0.148868,0.233702391,0.79695,0.774691
2,1,0.1,0.55,0.1,0.145005242,0.212154749,0.798674,0.784984
3,1,0.1,0.55,0.1,0.143514569,0.198874497,0.799444,0.790793
4,1,0.1,0.55,0.1,0.143026096,0.191221526,0.799678,0.79406
5,1,0.1,0.55,0.1,0.142837612,0.186183665,0.799741,0.796159
6,1,0.1,0.55,0.1,0.142748443,0.182630658,0.799758,0.797539
7,1,0.1,0.55,0.1,0.142692803,0.180003423,0.799769,0.798453
8,1,0.1,0.55,0.1,0.142650127,0.177978216,0.799783,0.799059
9,1,0.1,0.55,0.1,0.142612396,0.176354775,0.799802,0.799455
10,1,0.1,0.55,0.1,0.142577956,0.175001601,0.799823,0.799711
1.2,1,0.1,0.55,2.05,0.148725141,0.232935476,0.797003,0.775099
2,1,0.1,0.55,2.05,0.144954218,0.211715366,0.798691,0.785225
3,1,0.1,0.55,2.05,0.143499861,0.198624621,0.799449,0.790954
4,1,0.1,0.55,2.05,0.143022644,0.191082104,0.799681,0.794182
5,1,0.1,0.55,2.05,0.142837442,0.186122289,0.799744,0.796256
6,1,0.1,0.55,2.05,0.142748638,0.182631331,0.799761,0.797615
7,1,0.1,0.55,2.05,0.142693542,0.180053945,0.799771,0.798511
8,1,0.1,0.55,2.05,0.142650314,0.178070249,0.799784,0.7991
9,1,0.1,0.55,2.05,0.142612574,0.176480738,0.799801,0.799483
10,1,0.1,0.55,2.05,0.142577769,0.17515536,0.799822,0.799728
1.2,1,0.1,0.55,4,0.148591048,0.232246519,0.797052,0.775465
2,1,0.1,0.55,4,0.144905708,0.211321437,0.798706,0.785441
3,1,0.1,0.55,4,0.143485331,0.198401691,0.799453,0.791097
4,1,0.1,0.55,4,0.143018463,0.190957998,0.799684,0.794292
5,1,0.1,0.55,4,0.142836176,0.186069141,0.799747,0.796342
6,1,0.1,0.55,4,0.142748102,0.182633776,0.799764,0.797682
7,1,0.1,0.55,4,0.14269282,0.180101598,0.799773,0.798561
8,1,0.1,0.55,4,0.14264977,0.178155126,0.799785,0.799136
9,1,0.1,0.55,4,0.142611478,0.17659574,0.799801,0.799508
10,1,0.1,0.55,4,0.142576485,0.175295655,0.799821,0.799742
1.2,1,0.1,1,0.1,0.46227032,0.345609431,0.554866,0.70776
2,1,0.1,1,0.1,0.345114684,0.284643545,0.606661,0.738417
3,1,0.1,1,0.1,0.26781824,0.243451243,0.644897,0.757818
4,1,0.1,1,0.1,0.222157729,0.218226631,0.668229,0.768771
5,1,0.1,1,0.1,0.191530666,0.200945591,0.684119,0.775753
6,1,0.1,1,0.1,0.169335918,0.188292321,0.695788,0.780542
7,1,0.1,1,0.1,0.152398537,0.178590712,0.704822,0.784006
8,1,0.1,1,0.1,0.138985447,0.170889092,0.712094,0.786621
9,1,0.1,1,0.1,0.128063492,0.164606236,0.718122,0.788663
10,1,0.1,1,0.1,0.118975784,0.159364889,0.723227,0.790303
1.2,1,0.1,1,2.05,0.399716679,0.294299997,0.639428,0.740774
2,1,0.1,1,2.05,0.31716474,0.249991652,0.683029,0.763376
3,1,0.1,1,2.05,0.261199065,0.221657359,0.710993,0.776475
4,1,0.1,1,2.05,0.226230959,0.205104946,0.726972,0.783238
5,1,0.1,1,2.05,0.201508859,0.194015496,0.737494,0.787337
6,1,0.1,1,2.05,0.182763789,0.185914325,0.745056,0.790106
7,1,0.1,1,2.05,0.167901505,0.179644622,0.750807,0.792119
8,1,0.1,1,2.05,0.15574755,0.174594176,0.755353,0.793653
9,1,0.1,1,2.05,0.145579561,0.170404653,0.759046,0.794856
10,1,0.1,1,2.05,0.136921721,0.166850581,0.76211,0.795817
1.2,1,0.1,1,4,0.332918694,0.272295252,0.692727,0.753557
2,1,0.1,1,4,0.273210631,0.235558308,0.726089,0.772018
3,1,0.1,1,4,0.232882607,0.212735945,0.746784,0.782286
4,1,0.1,1,4,0.207690951,0.199598246,0.75815,0.787557
5,1,0.1,1,4,0.189861249,0.190812562,0.765282,0.790819
6,1,0.1,1,4,0.176297899,0.184387674,0.770154,0.793067
7,1,0.1,1,4,0.165476705,0.179418915,0.773688,0.794708
8,1,0.1,1,4,0.1565417,0.175427578,0.776374,0.795945
9,1,0.1,1,4,0.148970574,0.172130147,0.778494,0.796894
10,1,0.1,1,4,0.142426418,0.169343418,0.780218,0.797631
1.2,1,2.05,0.1,0.1,0.140666572,0.217459643,0.798073,0.775305
2,1,2.05,0.1,0.1,0.138723507,0.199821472,0.799048,0.785121
3,1,2.05,0.1,0.1,0.137980778,0.188751477,0.799548,0.790762
4,1,2.05,0.1,0.1,0.137727662,0.182271954,0.799744,0.793982
5,1,2.05,0.1,0.1,0.137620708,0.177945962,0.79982,0.796076
6,1,2.05,0.1,0.1,0.137564148,0.174856037,0.799845,0.797466
7,1,2.05,0.1,0.1,0.137525477,0.172544272,0.799854,0.798395
8,1,2.05,0.1,0.1,0.137494822,0.170744316,0.799856,0.799015
9,1,2.05,0.1,0.1,0.137467571,0.16928937,0.799858,0.799425
10,1,2.05,0.1,0.1,0.137443175,0.168069233,0.799861,0.799692
1.2,1,2.05,0.1,2.05,0.140156896,0.214250683,0.798295,0.777937
2,1,2.05,0.1,2.05,0.138620783,0.198267841,0.799128,0.786656
3,1,2.05,0.1,2.05,0.13807729,0.188119855,0.799571,0.791783
4,1,2.05,0.1,2.05,0.137928268,0.182171407,0.799756,0.794759
5,1,2.05,0.1,2.05,0.137895343,0.178230173,0.799833,0.796687
6,1,2.05,0.1,2.05,0.137899994,0.175448726,0.799863,0.797939
7,1,2.05,0.1,2.05,0.137917537,0.173391872,0.799873,0.798751
8,1,2.05,0.1,2.05,0.137937623,0.171804639,0.799877,0.799269
9,1,2.05,0.1,2.05,0.137957672,0.170526231,0.799879,0.799594
10,1,2.05,0.1,2.05,0.137976381,0.169452957,0.79988,0.799792
1.2,1,2.05,0.1,4,0.138320578,0.212496224,0.79842,0.779354
2,1,2.05,0.1,4,0.136892674,0.197429214,0.799172,0.787481
3,1,2.05,0.1,4,0.136369157,0.187793774,0.799579,0.792328
4,1,2.05,0.1,4,0.136206612,0.182146361,0.799754,0.795164
5,1,2.05,0.1,4,0.136151026,0.178424426,0.799831,0.796995
6,1,2.05,0.1,4,0.136131802,0.175817684,0.799863,0.798169
7,1,2.05,0.1,4,0.136125167,0.173903403,0.799875,0.798915
8,1,2.05,0.1,4,0.136123168,0.172432302,0.79988,0.799382
9,1,2.05,0.1,4,0.136122827,0.171249187,0.799882,0.799667
10,1,2.05,0.1,4,0.136122657,0.170253724,0.799883,0.799835
1.2,1,2.05,0.55,0.1,0.144728306,0.228391369,0.796015,0.766106
2,1,2.05,0.55,0.1,0.139573673,0.205293553,0.798354,0.779807
3,1,2.05,0.55,0.1,0.137541311,0.191135031,0.799341,0.787338
4,1,2.05,0.55,0.1,0.136888622,0.182957783,0.799614,0.791377
5,1,2.05,0.55,0.1,0.136656892,0.177459302,0.799692,0.79397
6,1,2.05,0.55,0.1,0.136566676,0.173444796,0.799731,0.795755
7,1,2.05,0.55,0.1,0.136526731,0.170361399,0.799766,0.79702
8,1,2.05,0.55,0.1,0.136505488,0.167905855,0.799801,0.797927
9,1,2.05,0.55,0.1,0.136491328,0.165890186,0.799837,0.798582
10,1,2.05,0.55,0.1,0.136481156,0.164189742,0.799872,0.799056
1.2,1,2.05,0.55,2.05,0.142744673,0.217491747,0.79721,0.775286
2,1,2.05,0.55,2.05,0.139475388,0.199838868,0.79876,0.785109
3,1,2.05,0.55,2.05,0.13821899,0.188760447,0.799474,0.790754
4,1,2.05,0.55,2.05,0.137808669,0.182276462,0.799702,0.793975
5,1,2.05,0.55,2.05,0.137651203,0.177947599,0.799766,0.79607
6,1,2.05,0.55,2.05,0.137577636,0.174855334,0.799782,0.797461
7,1,2.05,0.55,2.05,0.137532486,0.1725415,0.799789,0.798391
8,1,2.05,0.55,2.05,0.137498522,0.170739759,0.799797,0.799012
9,1,2.05,0.55,2.05,0.137468583,0.169283323,0.799808,0.799423
10,1,2.05,0.55,2.05,0.137441193,0.16806169,0.799824,0.799691
1.2,1,2.05,0.55,4,0.141596191,0.21443666,0.797694,0.77779
2,1,2.05,0.55,4,0.139102197,0.198358249,0.798913,0.78657
3,1,2.05,0.55,4,0.138145182,0.188156576,0.799508,0.791726
4,1,2.05,0.55,4,0.137824476,0.182177498,0.79972,0.794716
5,1,2.05,0.55,4,0.13769363,0.178213391,0.79979,0.796654
6,1,2.05,0.55,4,0.137626972,0.175414233,0.79981,0.797914
7,1,2.05,0.55,4,0.137582771,0.173343172,0.799816,0.798731
8,1,2.05,0.55,4,0.137547579,0.171743857,0.799818,0.799255
9,1,2.05,0.55,4,0.137516789,0.170455368,0.799823,0.799585
10,1,2.05,0.55,4,0.13748868,0.169373426,0.79983,0.799787
1.2,1,2.05,1,0.1,0.097958416,0.147672673,0.487527,0.563667
2,1,2.05,1,0.1,0.069990507,0.109039776,0.475051,0.556495
3,1,2.05,1,0.1,0.053921341,0.08554248,0.469583,0.553339
4,1,2.05,1,0.1,0.045025509,0.072477893,0.46701,0.552166
5,1,2.05,1,0.1,0.039266199,0.067732149,0.465371,0.554773
6,1,2.05,1,0.1,0.035183381,0.085845655,0.464133,0.578905
7,1,2.05,1,0.1,0.03213355,0.108372298,0.46309,0.632577
8,1,2.05,1,0.1,0.02985903,0.115309767,0.462069,0.681204
9,1,2.05,1,0.1,0.028540398,0.116086908,0.461088,0.715763
10,1,2.05,1,0.1,0.02957568,0.115384247,0.461158,0.739278
1.2,1,2.05,1,2.05,0.157679243,0.224973163,0.785866,0.769026
2,1,2.05,1,2.05,0.142415935,0.203551605,0.79286,0.781486
3,1,2.05,1,2.05,0.13450799,0.190358506,0.796531,0.7884
4,1,2.05,1,2.05,0.131014077,0.182703557,0.798333,0.792182
5,1,2.05,1,2.05,0.12930154,0.177556244,0.799331,0.794631
6,1,2.05,1,2.05,0.128407106,0.17381273,0.799837,0.79631
7,1,2.05,1,2.05,0.127902833,0.170955218,0.800067,0.797486
8,1,2.05,1,2.05,0.127586859,0.168692345,0.800162,0.798317
9,1,2.05,1,2.05,0.127362203,0.166843046,0.800193,0.798906
10,1,2.05,1,2.05,0.12718248,0.165286894,0.800194,0.79932
1.2,1,2.05,1,4,0.146072181,0.217522804,0.794596,0.775268
2,1,2.05,1,4,0.139199572,0.199855469,0.797729,0.785098
3,1,2.05,1,4,0.13634312,0.188769417,0.799061,0.790746
4,1,2.05,1,4,0.135368714,0.18228132,0.79947,0.793969
5,1,2.05,1,4,0.134992854,0.177949603,0.799649,0.796065
6,1,2.05,1,4,0.134831211,0.174854713,0.799769,0.797457
7,1,2.05,1,4,0.134753805,0.172538814,0.799859,0.798388
8,1,2.05,1,4,0.134712359,0.170735599,0.799926,0.79901
9,1,2.05,1,4,0.134687361,0.169277892,0.799978,0.799421
10,1,2.05,1,4,0.134671009,0.168055076,0.80002,0.79969
1.2,1,4,0.1,0.1,0.136903934,0.209536894,0.79783,0.771235
2,1,4,0.1,0.1,0.13467912,0.192496381,0.798965,0.78256
3,1,4,0.1,0.1,0.133826621,0.181797342,0.799528,0.788974
4,1,4,0.1,0.1,0.133541494,0.175489272,0.799736,0.792563
5,1,4,0.1,0.1,0.133425852,0.171197822,0.799809,0.794915
6,1,4,0.1,0.1,0.133367887,0.168050958,0.799831,0.796533
7,1,4,0.1,0.1,0.133329767,0.165631621,0.799837,0.797664
8,1,4,0.1,0.1,0.133300511,0.163703521,0.799839,0.798461
9,1,4,0.1,0.1,0.133275159,0.162117546,0.799841,0.799021
10,1,4,0.1,0.1,0.133252207,0.160774051,0.799845,0.799412
1.2,1,4,0.1,2.05,0.136255912,0.205394401,0.798215,0.776496
2,1,4,0.1,2.05,0.134592506,0.19089779,0.799097,0.785585
3,1,4,0.1,2.05,0.133962015,0.18157128,0.799559,0.790954
4,1,4,0.1,2.05,0.133751238,0.176016117,0.799748,0.794078
5,1,4,0.1,2.05,0.133665094,0.172259181,0.799825,0.796132
6,1,4,0.1,2.05,0.133622041,0.169547718,0.799854,0.797502
7,1,4,0.1,2.05,0.133595023,0.167500575,0.799864,0.79842
8,1,4,0.1,2.05,0.133573461,0.165893406,0.799867,0.799032
9,1,4,0.1,2.05,0.133555183,0.164584763,0.799869,0.799435
10,1,4,0.1,2.05,0.133539244,0.163480157,0.799871,0.799697
1.2,1,4,0.1,4,0.134694212,0.203733293,0.798466,0.778523
2,1,4,0.1,4,0.133393389,0.190264684,0.799186,0.786769
3,1,4,0.1,4,0.132919557,0.181496455,0.79958,0.791748
4,1,4,0.1,4,0.132775849,0.176262466,0.799753,0.794686
5,1,4,0.1,4,0.132730261,0.172742039,0.799829,0.796612
6,1,4,0.1,4,0.132717161,0.170224773,0.799863,0.797876
7,1,4,0.1,4,0.132716181,0.168341721,0.799876,0.798701
8,1,4,0.1,4,0.132718885,0.166874255,0.799881,0.799233
9,1,4,0.1,4,0.132722478,0.16568352,0.799883,0.799569
10,1,4,0.1,4,0.132726238,0.164678276,0.799884,0.799776
1.2,1,4,0.55,0.1,0.140562287,0.285948734,0.794325,0.567431
2,1,4,0.55,0.1,0.133528401,0.233674705,0.797647,0.596804
3,1,4,0.55,0.1,0.130571489,0.192827857,0.79904,0.636231
4,1,4,0.55,0.1,0.129565978,0.167706795,0.79946,0.66843
5,1,4,0.55,0.1,0.129191949,0.151329036,0.799642,0.694408
6,1,4,0.55,0.1,0.129047839,0.140278028,0.799762,0.715588
7,1,4,0.55,0.1,0.128995518,0.13269172,0.799851,0.732849
8,1,4,0.55,0.1,0.128982694,0.127433006,0.799918,0.746758
9,1,4,0.55,0.1,0.128987959,0.12374464,0.799968,0.757784
10,1,4,0.55,0.1,0.129001618,0.121104076,0.800011,0.766391
1.2,1,4,0.55,2.05,0.137796605,0.207186911,0.79729,0.774255
2,1,4,0.55,2.05,0.134779189,0.191586494,0.79879,0.784284
3,1,4,0.55,2.05,0.133621171,0.181664638,0.799488,0.79009
4,1,4,0.55,2.05,0.133245708,0.175777796,0.799715,0.793412
5,1,4,0.55,2.05,0.133104402,0.171780884,0.799781,0.795599
6,1,4,0.55,2.05,0.133041043,0.168872551,0.799797,0.797081
7,1,4,0.55,2.05,0.133004172,0.166656878,0.799802,0.798098
8,1,4,0.55,2.05,0.132976922,0.164905022,0.799808,0.798796
9,1,4,0.55,2.05,0.132954038,0.16347179,0.799816,0.799273
10,1,4,0.55,2.05,0.132932672,0.162260876,0.799829,0.799594
1.2,1,4,0.55,4,0.136597281,0.204686786,0.797937,0.777372
2,1,4,0.55,4,0.134537843,0.190628873,0.799,0.786096
3,1,4,0.55,4,0.133747944,0.181539794,0.799537,0.791297
4,1,4,0.55,4,0.133481101,0.17612049,0.79974,0.794341
5,1,4,0.55,4,0.133371337,0.172462851,0.799815,0.796341
6,1,4,0.55,4,0.13331514,0.169833354,0.799838,0.797666
7,1,4,0.55,4,0.133278011,0.167855863,0.799845,0.798544
8,1,4,0.55,4,0.133248746,0.166308311,0.799847,0.799121
9,1,4,0.55,4,0.133223942,0.165050202,0.799848,0.799495
10,1,4,0.55,4,0.133201149,0.163988358,0.799851,0.799732
1.2,1,4,1,0.1,0.043677112,0.063699904,0.490747,0.568388
2,1,4,1,0.1,0.030099035,0.044819686,0.479163,0.561997
3,1,4,1,0.1,0.022817189,0.034385687,0.474442,0.558989
4,1,4,1,0.1,0.018916214,0.028695886,0.472306,0.557211
5,1,4,1,0.1,0.016434788,0.025307243,0.470839,0.555908
6,1,4,1,0.1,0.014688952,0.062295619,0.469725,0.569009
7,1,4,1,0.1,0.013377733,0.109867424,0.468881,0.63611
8,1,4,1,0.1,0.01234994,0.118207463,0.468159,0.689007
9,1,4,1,0.1,0.011526095,0.118455081,0.467193,0.722997
10,1,4,1,0.1,0.010848447,0.117351728,0.466069,0.745051
1.2,1,4,1,2.05,0.142433603,0.21051588,0.791706,0.770014
2,1,4,1,2.05,0.132994195,0.192891333,0.796346,0.781868
3,1,4,1,2.05,0.128665516,0.181874219,0.798503,0.788537
4,1,4,1,2.05,0.12701193,0.175398858,0.799345,0.792232
5,1,4,1,2.05,0.126301075,0.170993451,0.799781,0.794648
6,1,4,1,2.05,0.125971543,0.16775639,0.800019,0.796312
7,1,4,1,2.05,0.125807688,0.165261118,0.800135,0.797482
8,1,4,1,2.05,0.125717963,0.163267021,0.800187,0.798312
9,1,4,1,2.05,0.12566175,0.161623647,0.80021,0.7989
10,1,4,1,2.05,0.125622891,0.16023047,0.80022,0.799314
1.2,1,4,1,4,0.138519338,0.205986317,0.796483,0.775773
2,1,4,1,4,0.134354622,0.191127457,0.798514,0.785163
3,1,4,1,4,0.13273106,0.18160515,0.799403,0.790671
4,1,4,1,4,0.13221551,0.175940037,0.799659,0.79386
5,1,4,1,4,0.132034869,0.172103037,0.799728,0.795957
6,1,4,1,4,0.131965597,0.169325829,0.799753,0.797364
7,1,4,1,4,0.13193488,0.167222296,0.799774,0.798315
8,1,4,1,4,0.131917886,0.165567225,0.799798,0.798955
9,1,4,1,4,0.131905698,0.164217265,0.799824,0.799383
10,1,4,1,4,0.131896505,0.163077427,0.799851,0.799665
